Epoch,Loss,Prec@1,Prec@5
0,6.13927,1.3481,6.6085
0,6.13744,1.3481,6.8993
0,5.8758,1.5596,6.1063
